,Tag_Seqence,Count
0,GCTGT,1
1,CTGTG,6
2,TGTGG,27
3,GTGGA,32
4,TGGAG,27
5,GGAGG,4
6,GAGGT,3
7,AGGTG,3
8,GGTGG,3
9,GGAGC,2
10,GAGCA,2
11,AGCAA,2
12,GCAAC,6
13,CAACT,5
14,AACTC,1
15,ACTCT,1
16,CTCTG,2
17,TCTGG,2
18,CTGGT,2
19,TGGTA,2
20,GGTAT,2
21,GTATG,2
22,TATGG,1
23,ATGGG,1
24,TGGGC,1
25,GGGCA,1
26,GGCAG,6
27,GCAGG,6
28,CAGGA,6
29,AGGAC,7
30,GGACT,8
31,GACTT,3
32,ACTTG,2
33,CTTGT,2
34,TTGTG,21
35,GCAAA,1
36,CAAAT,5
37,AAATT,9
38,AATTA,1
39,ATTAT,1
40,TTATG,3
41,TATGC,4
42,ATGCT,14
43,TGCTT,13
44,GCTTC,4
45,CTTCC,6
46,TTCCG,7
47,TCCGC,2
48,CCGCC,3
49,CGCCT,2
50,GCCTT,3
51,CCTTA,2
52,CTTAT,2
53,TCCGT,5
54,CCGTA,8
55,CGTAG,1
56,GTAGA,1
57,TAGAA,11
58,AGAAA,11
59,GAAAC,9
60,AAACC,12
61,AACCG,11
62,ACCGT,11
63,CGTAA,7
64,GTAAC,7
65,TAACC,6
66,AACCC,8
67,ACCCT,8
68,CCCTA,6
69,CCTAC,6
70,CTACA,6
71,TACAA,13
72,ACAAG,6
73,CAAGG,6
74,AAGGC,6
75,AGGCT,1
76,GGCTG,1
77,GCTGC,6
78,CTGCT,8
79,GCTTG,11
80,CTTGA,11
81,TTGAT,16
82,TGATG,14
83,GATGA,14
84,ATGAT,9
85,TGATT,9
86,GATTG,16
87,ATTGC,12
88,TTGCG,12
89,TGCGG,12
90,GCGGA,15
91,CGGAG,1
92,GAGGA,1
93,GGACG,4
94,GACGA,4
95,ACGAT,3
96,CGATG,3
97,GATGC,13
98,TGCTA,9
99,GCTAG,9
100,CTAGA,9
101,AGAAT,14
102,GAATT,1
103,AATTG,9
104,ATTGA,5
105,CGGAA,12
106,GGAAA,12
107,AGGCA,5
108,GCTTT,2
109,CTTTG,2
110,TTTGA,2
111,CGGAT,2
112,GGATT,2
113,TTGAA,2
114,TGAAC,2
115,GAACC,2
116,ACGAA,1
117,CGAAG,2
118,GAAGA,5
119,AAGAA,5
120,GAAAA,8
121,AAAAA,24
122,AAAAC,3
123,AACCA,3
124,ACCAA,5
125,CCAAG,8
126,CAAGC,5
127,AAGCA,5
128,AGCAG,5
129,GCAGT,5
130,CAGTT,5
131,AGTTT,8
132,GTTTG,7
133,TTTGT,9
134,GGAGA,23
135,GAGAA,18
136,GAATG,13
137,AATGT,10
138,ATGTG,5
139,TGTGA,5
140,GTGAC,5
141,TGACT,5
142,GACTG,5
143,ACTGT,5
144,TGGAC,5
145,GACTA,5
146,ACTAT,5
147,CTATT,5
148,TATTT,5
149,ATTTA,5
150,TTTAC,5
151,TTACA,5
152,ACAAA,8
153,CAAAA,8
154,AAAAT,13
155,AAATC,11
156,AATCT,8
157,ATCTG,8
158,TCTGC,7
159,CTGCA,10
160,TGCAT,2
161,GCATA,2
162,CATAC,1
163,ATACA,1
164,TCTGT,1
165,CTGTA,1
166,TGTAC,1
167,GTACA,1
168,TGCAC,3
169,GCACA,1
170,CACAA,1
171,ACAAC,1
172,AACTA,4
173,ACTAA,4
174,CTAAT,4
175,TAATG,6
176,ATGTT,5
177,TGTTC,4
178,GTTCC,4
179,CCGTG,4
180,CGTGC,4
181,GTGCC,4
182,TGCCT,7
183,GCCTG,6
184,CCTGA,1
185,CTGAA,1
186,TGAAA,1
187,GAAAT,5
188,TGCAA,5
189,TGTTA,2
190,GTTAC,1
191,TTACC,1
192,TACCC,1
193,ACCCA,3
194,CCCAA,7
195,CCAAA,4
196,AAATA,1
197,AATAA,1
198,ATAAT,2
199,AATGG,10
200,ATGGA,10
201,TGGAT,10
202,GGATG,10
203,ATTGT,8
204,GAGAG,5
205,AGAGC,5
206,GAGCG,5
207,AGCGG,5
208,AAATG,3
209,GAAAG,2
210,AAAGT,2
211,AAGTG,2
212,AGTGG,2
213,AATGA,2
214,ATGAC,2
215,TGACC,2
216,GACCA,2
217,CAACC,2
218,CCCTG,5
219,CCTGC,10
220,CTGCC,5
221,TGATC,2
222,GATCG,2
223,ATCGC,2
224,TCGCT,2
225,CGCTG,4
226,GCACC,2
227,CACCC,2
228,AATCC,3
229,ATCCC,3
230,TCCCA,3
231,CAAGT,3
232,AAGTT,3
233,GTTTA,3
234,TTTAG,3
235,TTAGG,3
236,TAGGG,2
237,AGGGT,2
238,GGGTG,2
239,GGTGT,2
240,GTGTT,3
241,TGTTG,4
242,GTTGT,4
243,AGAAG,9
244,GAAGC,5
245,AAGCT,5
246,AGCTT,5
247,ATGAG,5
248,TGAGA,5
249,GAGAT,5
250,AGATT,5
251,CCGTT,4
252,CGTTT,4
253,TTGTT,2
254,GTTTT,2
255,TTTTG,2
256,TGTGT,2
257,GTGTG,2
258,ATGCC,1
259,CCTTC,1
260,TTCCC,3
261,TCCCT,4
262,CCCTC,1
263,CCTCC,1
264,CTCCT,1
265,TCCTA,1
266,ACTTC,1
267,GCGGT,1
268,CGGTC,1
269,GGTCC,1
270,GTCCC,1
271,GCGGG,1
272,CGGGC,1
273,GGGCC,1
274,GGCCT,1
275,TGCCG,2
276,GCCGC,3
277,GCCTC,1
278,CCTCT,1
279,CGCCG,1
280,CCGCT,2
281,TGCTG,1
282,GCTTA,1
283,CTTAA,1
284,TTAAG,1
285,TAAGG,1
286,AAGGA,2
287,AGGAG,2
288,GGAGT,1
289,GAGTG,1
290,AGTGC,1
291,GTGCT,1
292,CCTAA,1
293,CTAAA,1
294,TAAAT,1
295,ATGCG,2
296,TGCGT,1
297,GCGTG,1
298,CGTGT,1
299,GTTAG,1
300,TTAGA,1
301,GAAGG,1
302,TGCGA,1
303,GCGAA,1
304,TAACA,1
305,AACAA,1
306,CATAA,1
307,TGCCC,1
308,GCCCA,1
